<?xml version="1.0" encoding="UTF-8"?>
<GenRun Id="impl_1" LaunchPart="xc7a35tcpg236-1" LaunchTime="1745597011">
  <File Type="REPORTS-TCL" Name="bfloatadder_reports.tcl"/>
  <File Type="ROUTE-PWR-SUM" Name="bfloatadder_power_summary_routed.pb"/>
  <File Type="BITSTR-MMI" Name="bfloatadder.mmi"/>
  <File Type="OPT-DRC" Name="bfloatadder_drc_opted.rpt"/>
  <File Type="BG-DRC" Name="bfloatadder.drc"/>
  <File Type="ROUTE-STATUS-PB" Name="bfloatadder_route_status.pb"/>
  <File Type="BG-BGN" Name="bfloatadder.bgn"/>
  <File Type="PLACE-UTIL" Name="bfloatadder_utilization_placed.rpt"/>
  <File Type="PLACE-UTIL-PB" Name="bfloatadder_utilization_placed.pb"/>
  <File Type="PLACE-IO" Name="bfloatadder_io_placed.rpt"/>
  <File Type="BG-BIN" Name="bfloatadder.bin"/>
  <File Type="PLACE-CTRL" Name="bfloatadder_control_sets_placed.rpt"/>
  <File Type="ROUTE-PWR-RPX" Name="bfloatadder_power_routed.rpx"/>
  <File Type="ROUTE-DCP" Name="bfloatadder_routed.dcp"/>
  <File Type="BITSTR-MSK" Name="bfloatadder.msk"/>
  <File Type="BITSTR-RBT" Name="bfloatadder.rbt"/>
  <File Type="ROUTE-TIMINGSUMMARY" Name="bfloatadder_timing_summary_routed.rpt"/>
  <File Type="ROUTE-TIMING-RPX" Name="bfloatadder_timing_summary_routed.rpx"/>
  <File Type="ROUTE-STATUS" Name="bfloatadder_route_status.rpt"/>
  <File Type="PA-TCL" Name="bfloatadder.tcl"/>
  <File Type="ROUTE-PWR" Name="bfloatadder_power_routed.rpt"/>
  <File Type="ROUTE-DRC" Name="bfloatadder_drc_routed.rpt"/>
  <File Type="ROUTE-DRC-RPX" Name="bfloatadder_drc_routed.rpx"/>
  <File Type="ROUTE-DRC-PB" Name="bfloatadder_drc_routed.pb"/>
  <File Type="BITSTR-SYSDEF" Name="bfloatadder.sysdef"/>
  <File Type="ROUTE-METHODOLOGY-DRC" Name="bfloatadder_methodology_drc_routed.rpt"/>
  <File Type="ROUTE-METHODOLOGY-DRC-RPX" Name="bfloatadder_methodology_drc_routed.rpx"/>
  <File Type="BITSTR-LTX" Name="debug_nets.ltx"/>
  <File Type="BITSTR-LTX" Name="bfloatadder.ltx"/>
  <File Type="ROUTE-METHODOLOGY-DRC-PB" Name="bfloatadder_methodology_drc_routed.pb"/>
  <File Type="ROUTE-SIMILARITY" Name="bfloatadder_incremental_reuse_routed.rpt"/>
  <File Type="RDI-RDI" Name="bfloatadder.vdi"/>
  <File Type="ROUTE-CLK" Name="bfloatadder_clock_utilization_routed.rpt"/>
  <File Type="ROUTE-BUS-SKEW" Name="bfloatadder_bus_skew_routed.rpt"/>
  <File Type="ROUTE-BUS-SKEW-RPX" Name="bfloatadder_bus_skew_routed.rpx"/>
  <File Type="ROUTE-BUS-SKEW-PB" Name="bfloatadder_bus_skew_routed.pb"/>
  <File Type="POSTROUTE-PHYSOPT-TIMING" Name="bfloatadder_timing_summary_postroute_physopted.rpt"/>
  <File Type="POSTROUTE-PHYSOPT-TIMING-RPX" Name="bfloatadder_timing_summary_postroute_physopted.rpx"/>
  <File Type="POSTROUTE-PHYSOPT-TIMING-PB" Name="bfloatadder_timing_summary_postroute_physopted.pb"/>
  <File Type="POSTROUTE-PHYSOPT-BUS-SKEW" Name="bfloatadder_bus_skew_postroute_physopted.rpt"/>
  <File Type="POSTROUTE-PHYSOPT-BUS-SKEW-RPX" Name="bfloatadder_bus_skew_postroute_physopted.rpx"/>
  <File Type="BG-BIT" Name="bfloatadder.bit"/>
  <File Type="POSTROUTE-PHYSOPT-BUS-SKEW-PB" Name="bfloatadder_bus_skew_postroute_physopted.pb"/>
  <File Type="BITSTR-NKY" Name="bfloatadder.nky"/>
  <File Type="BITSTR-BMM" Name="bfloatadder_bd.bmm"/>
  <File Type="WBT-USG" Name="usage_statistics_webtalk.html"/>
  <File Type="OPT-HWDEF" Name="bfloatadder.hwdef"/>
  <File Type="PLACE-PRE-SIMILARITY" Name="bfloatadder_incremental_reuse_pre_placed.rpt"/>
  <File Type="ROUTE-ERROR-DCP" Name="bfloatadder_routed_error.dcp"/>
  <File Type="ROUTE-BLACKBOX-DCP" Name="bfloatadder_routed_bb.dcp"/>
  <File Type="ROUTE-TIMING-PB" Name="bfloatadder_timing_summary_routed.pb"/>
  <File Type="OPT-DCP" Name="bfloatadder_opt.dcp"/>
  <File Type="PLACE-DCP" Name="bfloatadder_placed.dcp"/>
  <File Type="PWROPT-DCP" Name="bfloatadder_pwropt.dcp"/>
  <File Type="POSTPLACE-PWROPT-DCP" Name="bfloatadder_postplace_pwropt.dcp"/>
  <File Type="PHYSOPT-DCP" Name="bfloatadder_physopt.dcp"/>
  <File Type="POSTROUTE-PHYSOPT-DCP" Name="bfloatadder_postroute_physopt.dcp"/>
  <File Type="POSTROUTE-PHYSOPT-BLACKBOX-DCP" Name="bfloatadder_postroute_physopt_bb.dcp"/>
  <File Type="PDI-FILE" Name="bfloatadder.pdi"/>
  <File Type="BOOT-PDI-FILE" Name="bfloatadder_boot.pdi"/>
  <File Type="PL-PDI-FILE" Name="bfloatadder_pld.pdi"/>
  <File Type="RCFI_FILE" Name="bfloatadder.rcfi"/>
  <File Type="CFI_FILE" Name="bfloatadder.cfi"/>
  <File Type="RNPI_FILE" Name="bfloatadder.rnpi"/>
  <File Type="NPI_FILE" Name="bfloatadder.npi"/>
  <File Type="RBD_FILE" Name="bfloatadder.rbd"/>
  <File Type="ROUTE-RQS" Name="bfloatadder_routed.rqs"/>
  <File Type="POSTROUTE-PHYSOPT-RQS" Name="bfloatadder_postroute_physopted.rqs"/>
  <File Type="ROUTE-RQS-RPT" Name="route_report_qor_suggestions_0.rpt"/>
  <File Type="POSTROUTE-PHYSOPT-RQS-RPT" Name="postroute_physopt_report_qor_suggestions_0.rpt"/>
  <FileSet Name="sources" Type="DesignSrcs" RelSrcDir="$PSRCDIR/sources_1" RelGenDir="$PGENDIR/sources_1">
    <Filter Type="Srcs"/>
    <File Path="$PSRCDIR/sources_1/new/bfloatadder.v">
      <FileInfo>
        <Attr Name="UsedIn" Val="synthesis"/>
        <Attr Name="UsedIn" Val="implementation"/>
        <Attr Name="UsedIn" Val="simulation"/>
      </FileInfo>
    </File>
    <Config>
      <Option Name="DesignMode" Val="RTL"/>
      <Option Name="TopModule" Val="bfloatadder"/>
    </Config>
  </FileSet>
  <FileSet Name="constrs_in" Type="Constrs" RelSrcDir="$PSRCDIR/constrs_1" RelGenDir="$PGENDIR/constrs_1">
    <Filter Type="Constrs"/>
    <File Path="$PPRDIR/../Downloads/Basys3_Master.xdc">
      <FileInfo>
        <Attr Name="UsedIn" Val="synthesis"/>
        <Attr Name="UsedIn" Val="implementation"/>
      </FileInfo>
    </File>
    <Config>
      <Option Name="ConstrsType" Val="XDC"/>
    </Config>
  </FileSet>
  <FileSet Name="utils" Type="Utils" RelSrcDir="$PSRCDIR/utils_1" RelGenDir="$PGENDIR/utils_1">
    <Filter Type="Utils"/>
    <File Path="$PSRCDIR/utils_1/imports/synth_1/adder.dcp">
      <FileInfo>
        <Attr Name="UsedIn" Val="synthesis"/>
        <Attr Name="UsedIn" Val="implementation"/>
        <Attr Name="UsedInSteps" Val="synth_1"/>
        <Attr Name="AutoDcp" Val="1"/>
      </FileInfo>
    </File>
    <Config>
      <Option Name="TopAutoSet" Val="TRUE"/>
    </Config>
  </FileSet>
  <Strategy Version="1" Minor="2">
    <StratHandle Name="Vivado Implementation Defaults" Flow="Vivado Implementation 2024"/>
    <Step Id="init_design"/>
    <Step Id="opt_design"/>
    <Step Id="power_opt_design"/>
    <Step Id="place_design"/>
    <Step Id="post_place_power_opt_design"/>
    <Step Id="phys_opt_design"/>
    <Step Id="route_design"/>
    <Step Id="post_route_phys_opt_design"/>
    <Step Id="write_bitstream"/>
    <Step Id="write_device_image"/>
  </Strategy>
</GenRun>
